sample_id,true_label,predicted_label,true_class,predicted_class
0,0,4,airplane,deer
1,1,9,automobile,truck
2,0,0,airplane,airplane
3,0,0,airplane,airplane
4,0,1,airplane,automobile
5,1,1,automobile,automobile
6,2,2,bird,bird
7,3,3,cat,cat
8,4,2,deer,bird
9,5,6,dog,frog
10,6,6,frog,frog
11,7,7,horse,horse
12,8,8,ship,ship
13,9,9,truck,truck
14,1,6,automobile,frog
15,0,8,airplane,ship
16,1,1,automobile,automobile
17,2,7,bird,horse
18,3,3,cat,cat
19,4,0,deer,airplane
20,5,7,dog,horse
21,6,6,frog,frog
22,7,7,horse,horse
23,8,1,ship,automobile
24,9,9,truck,truck
25,2,2,bird,bird
26,0,0,airplane,airplane
27,1,9,automobile,truck
28,2,4,bird,deer
29,3,6,cat,frog
30,4,4,deer,deer
31,5,5,dog,dog
32,6,6,frog,frog
33,7,7,horse,horse
34,8,8,ship,ship
35,9,9,truck,truck
36,3,3,cat,cat
37,0,0,airplane,airplane
38,1,1,automobile,automobile
39,2,2,bird,bird
40,3,3,cat,cat
41,4,4,deer,deer
42,5,5,dog,dog
43,6,4,frog,deer
44,7,4,horse,deer
45,8,5,ship,dog
46,9,9,truck,truck
47,4,4,deer,deer
48,0,8,airplane,ship
49,1,1,automobile,automobile
50,2,4,bird,deer
51,3,6,cat,frog
52,4,4,deer,deer
53,5,5,dog,dog
54,6,6,frog,frog
55,7,5,horse,dog
56,8,8,ship,ship
57,9,0,truck,airplane
58,5,5,dog,dog
59,0,0,airplane,airplane
60,1,1,automobile,automobile
61,2,4,bird,deer
62,3,3,cat,cat
63,4,4,deer,deer
64,5,6,dog,frog
65,6,8,frog,ship
66,7,7,horse,horse
67,8,8,ship,ship
68,9,9,truck,truck
69,6,6,frog,frog
70,0,8,airplane,ship
71,1,9,automobile,truck
72,2,2,bird,bird
73,3,3,cat,cat
74,4,2,deer,bird
75,5,5,dog,dog
76,6,8,frog,ship
77,7,7,horse,horse
78,8,8,ship,ship
79,9,1,truck,automobile
80,7,6,horse,frog
81,0,7,airplane,horse
82,1,1,automobile,automobile
83,2,6,bird,frog
84,3,0,cat,airplane
85,4,4,deer,deer
86,5,7,dog,horse
87,6,1,frog,automobile
88,7,7,horse,horse
89,8,8,ship,ship
90,9,9,truck,truck
91,8,6,ship,frog
92,0,2,airplane,bird
93,1,1,automobile,automobile
94,2,4,bird,deer
95,3,4,cat,deer
96,4,4,deer,deer
97,5,6,dog,frog
98,6,6,frog,frog
99,7,4,horse,deer
100,8,8,ship,ship
101,9,8,truck,ship
102,9,0,truck,airplane
103,0,0,airplane,airplane
104,1,1,automobile,automobile
105,2,1,bird,automobile
106,3,6,cat,frog
107,4,6,deer,frog
108,5,3,dog,cat
109,6,6,frog,frog
110,7,7,horse,horse
111,8,8,ship,ship
112,9,9,truck,truck
113,1,1,automobile,automobile
114,0,0,airplane,airplane
115,0,2,airplane,bird
116,1,1,automobile,automobile
117,2,6,bird,frog
118,3,5,cat,dog
119,4,4,deer,deer
120,5,3,dog,cat
121,6,5,frog,dog
122,7,7,horse,horse
123,8,8,ship,ship
124,9,9,truck,truck
125,1,1,automobile,automobile
126,0,8,airplane,ship
127,1,1,automobile,automobile
128,2,2,bird,bird
129,3,1,cat,automobile
130,4,6,deer,frog
131,5,6,dog,frog
132,6,6,frog,frog
133,7,7,horse,horse
134,8,8,ship,ship
135,9,9,truck,truck
136,2,6,bird,frog
137,0,0,airplane,airplane
138,1,1,automobile,automobile
139,2,4,bird,deer
140,3,3,cat,cat
141,4,4,deer,deer
142,5,5,dog,dog
143,6,5,frog,dog
144,7,3,horse,cat
145,8,9,ship,truck
146,9,9,truck,truck
147,3,3,cat,cat
148,0,0,airplane,airplane
149,1,1,automobile,automobile
150,2,5,bird,dog
151,3,5,cat,dog
152,4,3,deer,cat
153,5,5,dog,dog
154,6,6,frog,frog
155,7,7,horse,horse
156,8,8,ship,ship
157,9,9,truck,truck
158,4,7,deer,horse
159,0,0,airplane,airplane
160,1,1,automobile,automobile
161,2,2,bird,bird
162,3,3,cat,cat
163,4,4,deer,deer
164,5,5,dog,dog
165,6,6,frog,frog
166,7,7,horse,horse
167,8,8,ship,ship
168,9,8,truck,ship
169,5,5,dog,dog
170,0,0,airplane,airplane
171,1,1,automobile,automobile
172,2,2,bird,bird
173,3,3,cat,cat
174,4,3,deer,cat
175,5,6,dog,frog
176,6,6,frog,frog
177,7,7,horse,horse
178,8,6,ship,frog
179,9,1,truck,automobile
180,6,6,frog,frog
181,0,0,airplane,airplane
182,1,9,automobile,truck
183,2,7,bird,horse
184,3,3,cat,cat
185,4,6,deer,frog
186,5,5,dog,dog
187,6,6,frog,frog
188,7,7,horse,horse
189,8,8,ship,ship
190,9,9,truck,truck
191,7,7,horse,horse
192,0,0,airplane,airplane
193,1,1,automobile,automobile
194,2,2,bird,bird
195,3,3,cat,cat
196,4,4,deer,deer
197,5,6,dog,frog
198,6,6,frog,frog
199,7,7,horse,horse
200,8,8,ship,ship
201,9,9,truck,truck
202,8,8,ship,ship
203,0,0,airplane,airplane
204,1,1,automobile,automobile
205,2,0,bird,airplane
206,3,6,cat,frog
207,4,0,deer,airplane
208,5,5,dog,dog
209,6,6,frog,frog
210,7,7,horse,horse
211,8,8,ship,ship
212,9,9,truck,truck
213,9,1,truck,automobile
214,0,0,airplane,airplane
215,1,1,automobile,automobile
216,2,0,bird,airplane
217,3,5,cat,dog
218,4,4,deer,deer
219,5,5,dog,dog
220,6,6,frog,frog
221,7,4,horse,deer
222,8,0,ship,airplane
223,9,9,truck,truck
224,2,6,bird,frog
225,0,0,airplane,airplane
226,0,0,airplane,airplane
227,1,1,automobile,automobile
228,2,8,bird,ship
229,3,5,cat,dog
230,4,3,deer,cat
231,5,5,dog,dog
232,6,4,frog,deer
233,7,2,horse,bird
234,8,8,ship,ship
235,9,9,truck,truck
236,1,1,automobile,automobile
237,0,2,airplane,bird
238,1,1,automobile,automobile
239,2,6,bird,frog
240,3,3,cat,cat
241,4,4,deer,deer
242,5,5,dog,dog
243,6,6,frog,frog
244,7,7,horse,horse
245,8,8,ship,ship
246,9,9,truck,truck
247,2,5,bird,dog
248,0,0,airplane,airplane
249,1,1,automobile,automobile
250,2,2,bird,bird
251,3,6,cat,frog
252,4,4,deer,deer
253,5,5,dog,dog
254,6,6,frog,frog
255,7,7,horse,horse
256,8,8,ship,ship
257,9,9,truck,truck
258,3,1,cat,automobile
259,0,8,airplane,ship
260,1,6,automobile,frog
261,2,4,bird,deer
262,3,4,cat,deer
263,4,4,deer,deer
264,5,5,dog,dog
265,6,6,frog,frog
266,7,7,horse,horse
267,8,8,ship,ship
268,9,9,truck,truck
269,4,4,deer,deer
270,0,0,airplane,airplane
271,1,1,automobile,automobile
272,2,4,bird,deer
273,3,2,cat,bird
274,4,4,deer,deer
275,5,6,dog,frog
276,6,4,frog,deer
277,7,6,horse,frog
278,8,8,ship,ship
279,9,9,truck,truck
280,5,3,dog,cat
281,0,0,airplane,airplane
282,1,1,automobile,automobile
283,2,6,bird,frog
284,3,4,cat,deer
285,4,9,deer,truck
286,5,7,dog,horse
287,6,6,frog,frog
288,7,7,horse,horse
289,8,8,ship,ship
290,9,9,truck,truck
291,6,6,frog,frog
292,0,0,airplane,airplane
293,1,1,automobile,automobile
294,2,6,bird,frog
295,3,3,cat,cat
296,4,4,deer,deer
297,5,4,dog,deer
298,6,6,frog,frog
299,7,7,horse,horse
300,8,8,ship,ship
301,9,9,truck,truck
302,7,4,horse,deer
303,0,8,airplane,ship
304,1,1,automobile,automobile
305,2,4,bird,deer
306,3,4,cat,deer
307,4,4,deer,deer
308,5,2,dog,bird
309,6,5,frog,dog
310,7,7,horse,horse
311,8,1,ship,automobile
312,9,9,truck,truck
313,8,8,ship,ship
314,0,2,airplane,bird
315,1,6,automobile,frog
316,2,2,bird,bird
317,3,6,cat,frog
318,4,4,deer,deer
319,5,5,dog,dog
320,6,6,frog,frog
321,7,7,horse,horse
322,8,5,ship,dog
323,9,9,truck,truck
324,9,9,truck,truck
325,0,0,airplane,airplane
326,1,9,automobile,truck
327,2,2,bird,bird
328,3,3,cat,cat
329,4,6,deer,frog
330,5,5,dog,dog
331,6,6,frog,frog
332,7,7,horse,horse
333,8,2,ship,bird
334,9,9,truck,truck
335,3,4,cat,deer
336,0,8,airplane,ship
337,0,7,airplane,horse
338,1,1,automobile,automobile
339,2,4,bird,deer
340,3,5,cat,dog
341,4,2,deer,bird
342,5,3,dog,cat
343,6,6,frog,frog
344,7,7,horse,horse
345,8,8,ship,ship
346,9,9,truck,truck
347,1,1,automobile,automobile
348,0,0,airplane,airplane
349,1,1,automobile,automobile
350,2,2,bird,bird
351,3,6,cat,frog
352,4,6,deer,frog
353,5,3,dog,cat
354,6,6,frog,frog
355,7,7,horse,horse
356,8,8,ship,ship
357,9,9,truck,truck
358,2,5,bird,dog
359,0,0,airplane,airplane
360,1,1,automobile,automobile
361,2,0,bird,airplane
362,3,3,cat,cat
363,4,3,deer,cat
364,5,8,dog,ship
365,6,6,frog,frog
366,7,4,horse,deer
367,8,8,ship,ship
368,9,9,truck,truck
369,3,2,cat,bird
370,0,8,airplane,ship
371,1,1,automobile,automobile
372,2,3,bird,cat
373,3,3,cat,cat
374,4,4,deer,deer
375,5,5,dog,dog
376,6,6,frog,frog
377,7,7,horse,horse
378,8,8,ship,ship
379,9,1,truck,automobile
380,4,4,deer,deer
381,0,0,airplane,airplane
382,1,1,automobile,automobile
383,2,2,bird,bird
384,3,8,cat,ship
385,4,4,deer,deer
386,5,4,dog,deer
387,6,6,frog,frog
388,7,7,horse,horse
389,8,9,ship,truck
390,9,9,truck,truck
391,5,6,dog,frog
392,0,2,airplane,bird
393,1,1,automobile,automobile
394,2,2,bird,bird
395,3,3,cat,cat
396,4,6,deer,frog
397,5,5,dog,dog
398,6,6,frog,frog
399,7,5,horse,dog
400,8,8,ship,ship
401,9,1,truck,automobile
402,6,6,frog,frog
403,0,8,airplane,ship
404,1,1,automobile,automobile
405,2,2,bird,bird
406,3,3,cat,cat
407,4,4,deer,deer
408,5,5,dog,dog
409,6,6,frog,frog
410,7,3,horse,cat
411,8,0,ship,airplane
412,9,1,truck,automobile
413,7,7,horse,horse
414,0,8,airplane,ship
415,1,1,automobile,automobile
416,2,4,bird,deer
417,3,2,cat,bird
418,4,4,deer,deer
419,5,4,dog,deer
420,6,6,frog,frog
421,7,7,horse,horse
422,8,8,ship,ship
423,9,9,truck,truck
424,8,8,ship,ship
425,0,0,airplane,airplane
426,1,8,automobile,ship
427,2,4,bird,deer
428,3,3,cat,cat
429,4,6,deer,frog
430,5,7,dog,horse
431,6,6,frog,frog
432,7,7,horse,horse
433,8,8,ship,ship
434,9,9,truck,truck
435,9,1,truck,automobile
436,0,0,airplane,airplane
437,1,1,automobile,automobile
438,2,7,bird,horse
439,3,9,cat,truck
440,4,4,deer,deer
441,5,5,dog,dog
442,6,6,frog,frog
443,7,7,horse,horse
444,8,9,ship,truck
445,9,9,truck,truck
446,4,4,deer,deer
447,0,0,airplane,airplane
448,0,0,airplane,airplane
449,1,1,automobile,automobile
450,2,8,bird,ship
451,3,6,cat,frog
452,4,4,deer,deer
453,5,2,dog,bird
454,6,6,frog,frog
455,7,3,horse,cat
456,8,8,ship,ship
457,9,9,truck,truck
458,1,1,automobile,automobile
459,0,4,airplane,deer
460,1,1,automobile,automobile
461,2,2,bird,bird
462,3,6,cat,frog
463,4,7,deer,horse
464,5,5,dog,dog
465,6,1,frog,automobile
466,7,7,horse,horse
467,8,8,ship,ship
468,9,7,truck,horse
469,2,2,bird,bird
470,0,0,airplane,airplane
471,1,1,automobile,automobile
472,2,5,bird,dog
473,3,3,cat,cat
474,4,4,deer,deer
475,5,3,dog,cat
476,6,8,frog,ship
477,7,7,horse,horse
478,8,8,ship,ship
479,9,9,truck,truck
480,3,0,cat,airplane
481,0,6,airplane,frog
482,1,9,automobile,truck
483,2,0,bird,airplane
484,3,3,cat,cat
485,4,4,deer,deer
486,5,6,dog,frog
487,6,6,frog,frog
488,7,7,horse,horse
489,8,8,ship,ship
490,9,0,truck,airplane
491,4,4,deer,deer
492,0,6,airplane,frog
493,1,1,automobile,automobile
494,2,5,bird,dog
495,3,3,cat,cat
496,4,4,deer,deer
497,5,5,dog,dog
498,6,6,frog,frog
499,7,2,horse,bird
500,8,8,ship,ship
501,9,9,truck,truck
502,5,5,dog,dog
503,0,0,airplane,airplane
504,1,1,automobile,automobile
505,2,2,bird,bird
506,3,5,cat,dog
507,4,4,deer,deer
508,5,5,dog,dog
509,6,6,frog,frog
510,7,7,horse,horse
511,8,8,ship,ship
512,9,9,truck,truck
513,6,6,frog,frog
514,0,0,airplane,airplane
515,1,1,automobile,automobile
516,2,6,bird,frog
517,3,3,cat,cat
518,4,4,deer,deer
519,5,5,dog,dog
520,6,6,frog,frog
521,7,7,horse,horse
522,8,8,ship,ship
523,9,1,truck,automobile
524,7,7,horse,horse
525,0,4,airplane,deer
526,1,1,automobile,automobile
527,2,2,bird,bird
528,3,3,cat,cat
529,4,4,deer,deer
530,5,5,dog,dog
531,6,6,frog,frog
532,7,7,horse,horse
533,8,8,ship,ship
534,9,6,truck,frog
535,8,9,ship,truck
536,0,9,airplane,truck
537,1,4,automobile,deer
538,2,2,bird,bird
539,3,6,cat,frog
540,4,4,deer,deer
541,5,5,dog,dog
542,6,6,frog,frog
543,7,7,horse,horse
544,8,9,ship,truck
545,9,9,truck,truck
546,9,9,truck,truck
547,0,8,airplane,ship
548,1,1,automobile,automobile
549,2,3,bird,cat
550,3,4,cat,deer
551,4,4,deer,deer
552,5,5,dog,dog
553,6,6,frog,frog
554,7,7,horse,horse
555,8,8,ship,ship
556,9,9,truck,truck
557,5,5,dog,dog
558,0,0,airplane,airplane
559,0,0,airplane,airplane
560,1,4,automobile,deer
561,2,2,bird,bird
562,3,2,cat,bird
563,4,7,deer,horse
564,5,8,dog,ship
565,6,8,frog,ship
566,7,7,horse,horse
567,8,8,ship,ship
568,9,4,truck,deer
569,1,1,automobile,automobile
570,0,0,airplane,airplane
571,1,6,automobile,frog
572,2,5,bird,dog
573,3,3,cat,cat
574,4,4,deer,deer
575,5,5,dog,dog
576,6,6,frog,frog
577,7,7,horse,horse
578,8,4,ship,deer
579,9,9,truck,truck
580,2,4,bird,deer
581,0,0,airplane,airplane
582,1,7,automobile,horse
583,2,6,bird,frog
584,3,6,cat,frog
585,4,4,deer,deer
586,5,5,dog,dog
587,6,6,frog,frog
588,7,7,horse,horse
589,8,8,ship,ship
590,9,9,truck,truck
591,3,6,cat,frog
592,0,0,airplane,airplane
593,1,1,automobile,automobile
594,2,4,bird,deer
595,3,5,cat,dog
596,4,4,deer,deer
597,5,5,dog,dog
598,6,6,frog,frog
599,7,4,horse,deer
600,8,8,ship,ship
601,9,1,truck,automobile
602,4,4,deer,deer
603,0,8,airplane,ship
604,1,6,automobile,frog
605,2,0,bird,airplane
606,3,7,cat,horse
607,4,4,deer,deer
608,5,5,dog,dog
609,6,6,frog,frog
610,7,7,horse,horse
611,8,8,ship,ship
612,9,9,truck,truck
613,5,5,dog,dog
614,0,3,airplane,cat
615,1,1,automobile,automobile
616,2,2,bird,bird
617,3,4,cat,deer
618,4,6,deer,frog
619,5,5,dog,dog
620,6,0,frog,airplane
621,7,3,horse,cat
622,8,1,ship,automobile
623,9,9,truck,truck
624,6,6,frog,frog
625,0,8,airplane,ship
626,1,1,automobile,automobile
627,2,3,bird,cat
628,3,4,cat,deer
629,4,4,deer,deer
630,5,7,dog,horse
631,6,4,frog,deer
632,7,7,horse,horse
633,8,9,ship,truck
634,9,9,truck,truck
635,7,7,horse,horse
636,0,9,airplane,truck
637,1,1,automobile,automobile
638,2,2,bird,bird
639,3,9,cat,truck
640,4,4,deer,deer
641,5,5,dog,dog
642,6,6,frog,frog
643,7,7,horse,horse
644,8,0,ship,airplane
645,9,9,truck,truck
646,8,9,ship,truck
647,0,0,airplane,airplane
648,1,1,automobile,automobile
649,2,8,bird,ship
650,3,2,cat,bird
651,4,4,deer,deer
652,5,7,dog,horse
653,6,6,frog,frog
654,7,5,horse,dog
655,8,8,ship,ship
656,9,9,truck,truck
657,9,9,truck,truck
658,0,8,airplane,ship
659,1,6,automobile,frog
660,2,4,bird,deer
661,3,0,cat,airplane
662,4,4,deer,deer
663,5,5,dog,dog
664,6,6,frog,frog
665,7,7,horse,horse
666,8,8,ship,ship
667,9,9,truck,truck
668,6,6,frog,frog
669,0,0,airplane,airplane
670,0,0,airplane,airplane
671,1,1,automobile,automobile
672,2,2,bird,bird
673,3,3,cat,cat
674,4,1,deer,automobile
675,5,6,dog,frog
676,6,6,frog,frog
677,7,7,horse,horse
678,8,8,ship,ship
679,9,9,truck,truck
680,1,0,automobile,airplane
681,0,0,airplane,airplane
682,1,1,automobile,automobile
683,2,0,bird,airplane
684,3,3,cat,cat
685,4,4,deer,deer
686,5,5,dog,dog
687,6,6,frog,frog
688,7,7,horse,horse
689,8,8,ship,ship
690,9,9,truck,truck
691,2,3,bird,cat
692,0,7,airplane,horse
693,1,1,automobile,automobile
694,2,2,bird,bird
695,3,2,cat,bird
696,4,4,deer,deer
697,5,2,dog,bird
698,6,6,frog,frog
699,7,7,horse,horse
700,8,8,ship,ship
701,9,9,truck,truck
702,3,3,cat,cat
703,0,0,airplane,airplane
704,1,6,automobile,frog
705,2,3,bird,cat
706,3,3,cat,cat
707,4,4,deer,deer
708,5,2,dog,bird
709,6,6,frog,frog
710,7,7,horse,horse
711,8,8,ship,ship
712,9,9,truck,truck
713,4,4,deer,deer
714,0,3,airplane,cat
715,1,1,automobile,automobile
716,2,4,bird,deer
717,3,3,cat,cat
718,4,6,deer,frog
719,5,0,dog,airplane
720,6,6,frog,frog
721,7,6,horse,frog
722,8,8,ship,ship
723,9,6,truck,frog
724,5,7,dog,horse
725,0,0,airplane,airplane
726,1,1,automobile,automobile
727,2,3,bird,cat
728,3,6,cat,frog
729,4,4,deer,deer
730,5,5,dog,dog
731,6,6,frog,frog
732,7,7,horse,horse
733,8,8,ship,ship
734,9,9,truck,truck
735,6,6,frog,frog
736,0,2,airplane,bird
737,1,6,automobile,frog
738,2,8,bird,ship
739,3,5,cat,dog
740,4,7,deer,horse
741,5,2,dog,bird
742,6,6,frog,frog
743,7,7,horse,horse
744,8,2,ship,bird
745,9,9,truck,truck
746,7,7,horse,horse
747,0,0,airplane,airplane
748,1,1,automobile,automobile
749,2,2,bird,bird
750,3,6,cat,frog
751,4,3,deer,cat
752,5,5,dog,dog
753,6,4,frog,deer
754,7,7,horse,horse
755,8,8,ship,ship
756,9,9,truck,truck
757,8,8,ship,ship
758,0,0,airplane,airplane
759,1,9,automobile,truck
760,2,4,bird,deer
761,3,3,cat,cat
762,4,4,deer,deer
763,5,6,dog,frog
764,6,6,frog,frog
765,7,0,horse,airplane
766,8,8,ship,ship
767,9,9,truck,truck
768,9,9,truck,truck
769,0,2,airplane,bird
770,1,1,automobile,automobile
771,2,2,bird,bird
772,3,7,cat,horse
773,4,3,deer,cat
774,5,3,dog,cat
775,6,8,frog,ship
776,7,7,horse,horse
777,8,0,ship,airplane
778,9,9,truck,truck
779,7,3,horse,cat
780,0,8,airplane,ship
781,0,6,airplane,frog
782,1,8,automobile,ship
783,2,6,bird,frog
784,3,3,cat,cat
785,4,8,deer,ship
786,5,5,dog,dog
787,6,7,frog,horse
788,7,7,horse,horse
789,8,8,ship,ship
790,9,9,truck,truck
791,1,1,automobile,automobile
792,0,0,airplane,airplane
793,1,1,automobile,automobile
794,2,2,bird,bird
795,3,6,cat,frog
796,4,4,deer,deer
797,5,5,dog,dog
798,6,3,frog,cat
799,7,6,horse,frog
800,8,8,ship,ship
801,9,1,truck,automobile
802,2,2,bird,bird
803,0,4,airplane,deer
804,1,6,automobile,frog
805,2,6,bird,frog
806,3,3,cat,cat
807,4,2,deer,bird
808,5,5,dog,dog
809,6,3,frog,cat
810,7,0,horse,airplane
811,8,8,ship,ship
812,9,9,truck,truck
813,3,9,cat,truck
814,0,8,airplane,ship
815,1,1,automobile,automobile
816,2,1,bird,automobile
817,3,3,cat,cat
818,4,4,deer,deer
819,5,2,dog,bird
820,6,6,frog,frog
821,7,5,horse,dog
822,8,8,ship,ship
823,9,8,truck,ship
824,4,3,deer,cat
825,0,0,airplane,airplane
826,1,1,automobile,automobile
827,2,2,bird,bird
828,3,6,cat,frog
829,4,4,deer,deer
830,5,5,dog,dog
831,6,6,frog,frog
832,7,4,horse,deer
833,8,8,ship,ship
834,9,9,truck,truck
835,5,5,dog,dog
836,0,0,airplane,airplane
837,1,1,automobile,automobile
838,2,6,bird,frog
839,3,5,cat,dog
840,4,4,deer,deer
841,5,5,dog,dog
842,6,6,frog,frog
843,7,7,horse,horse
844,8,8,ship,ship
845,9,0,truck,airplane
846,6,6,frog,frog
847,0,0,airplane,airplane
848,1,8,automobile,ship
849,2,4,bird,deer
850,3,4,cat,deer
851,4,3,deer,cat
852,5,1,dog,automobile
853,6,6,frog,frog
854,7,7,horse,horse
855,8,4,ship,deer
856,9,9,truck,truck
857,7,7,horse,horse
858,0,9,airplane,truck
859,1,1,automobile,automobile
860,2,8,bird,ship
861,3,7,cat,horse
862,4,0,deer,airplane
863,5,6,dog,frog
864,6,6,frog,frog
865,7,7,horse,horse
866,8,8,ship,ship
867,9,9,truck,truck
868,8,6,ship,frog
869,0,8,airplane,ship
870,1,6,automobile,frog
871,2,2,bird,bird
872,3,6,cat,frog
873,4,7,deer,horse
874,5,5,dog,dog
875,6,6,frog,frog
876,7,7,horse,horse
877,8,9,ship,truck
878,9,9,truck,truck
879,9,9,truck,truck
880,0,8,airplane,ship
881,1,1,automobile,automobile
882,2,4,bird,deer
883,3,5,cat,dog
884,4,7,deer,horse
885,5,5,dog,dog
886,6,6,frog,frog
887,7,7,horse,horse
888,8,6,ship,frog
889,9,9,truck,truck
890,8,8,ship,ship
891,0,4,airplane,deer
892,0,0,airplane,airplane
893,1,9,automobile,truck
894,2,7,bird,horse
895,3,5,cat,dog
896,4,4,deer,deer
897,5,5,dog,dog
898,6,6,frog,frog
899,7,7,horse,horse
900,8,8,ship,ship
901,9,9,truck,truck
902,1,1,automobile,automobile
903,0,1,airplane,automobile
904,1,6,automobile,frog
905,2,6,bird,frog
906,3,4,cat,deer
907,4,3,deer,cat
908,5,5,dog,dog
909,6,6,frog,frog
910,7,7,horse,horse
911,8,8,ship,ship
912,9,9,truck,truck
913,2,4,bird,deer
914,0,8,airplane,ship
915,1,1,automobile,automobile
916,2,7,bird,horse
917,3,3,cat,cat
918,4,8,deer,ship
919,5,4,dog,deer
920,6,6,frog,frog
921,7,5,horse,dog
922,8,8,ship,ship
923,9,9,truck,truck
924,3,5,cat,dog
925,0,8,airplane,ship
926,1,9,automobile,truck
927,2,4,bird,deer
928,3,6,cat,frog
929,4,4,deer,deer
930,5,5,dog,dog
931,6,6,frog,frog
932,7,7,horse,horse
933,8,8,ship,ship
934,9,1,truck,automobile
935,4,4,deer,deer
936,0,0,airplane,airplane
937,1,1,automobile,automobile
938,2,2,bird,bird
939,3,6,cat,frog
940,4,2,deer,bird
941,5,5,dog,dog
942,6,6,frog,frog
943,7,6,horse,frog
944,8,8,ship,ship
945,9,9,truck,truck
946,5,5,dog,dog
947,0,0,airplane,airplane
948,1,1,automobile,automobile
949,2,6,bird,frog
950,3,3,cat,cat
951,4,4,deer,deer
952,5,7,dog,horse
953,6,4,frog,deer
954,7,7,horse,horse
955,8,8,ship,ship
956,9,9,truck,truck
957,6,6,frog,frog
958,0,2,airplane,bird
959,1,1,automobile,automobile
960,2,7,bird,horse
961,3,7,cat,horse
962,4,3,deer,cat
963,5,5,dog,dog
964,6,6,frog,frog
965,7,4,horse,deer
966,8,2,ship,bird
967,9,9,truck,truck
968,7,7,horse,horse
969,0,8,airplane,ship
970,1,1,automobile,automobile
971,2,3,bird,cat
972,3,3,cat,cat
973,4,2,deer,bird
974,5,7,dog,horse
975,6,4,frog,deer
976,7,7,horse,horse
977,8,8,ship,ship
978,9,9,truck,truck
979,8,1,ship,automobile
980,0,3,airplane,cat
981,1,1,automobile,automobile
982,2,5,bird,dog
983,3,8,cat,ship
984,4,4,deer,deer
985,5,5,dog,dog
986,6,6,frog,frog
987,7,7,horse,horse
988,8,8,ship,ship
989,9,9,truck,truck
990,9,9,truck,truck
991,0,0,airplane,airplane
992,1,1,automobile,automobile
993,2,2,bird,bird
994,3,5,cat,dog
995,4,3,deer,cat
996,5,5,dog,dog
997,6,6,frog,frog
998,7,6,horse,frog
999,8,8,ship,ship
1000,9,9,truck,truck
1001,9,9,truck,truck
1002,0,0,airplane,airplane
1003,0,0,airplane,airplane
1004,1,9,automobile,truck
1005,2,2,bird,bird
1006,3,5,cat,dog
1007,4,4,deer,deer
1008,5,5,dog,dog
1009,6,6,frog,frog
1010,7,7,horse,horse
1011,8,8,ship,ship
1012,9,8,truck,ship
1013,1,9,automobile,truck
1014,0,0,airplane,airplane
1015,1,1,automobile,automobile
1016,2,2,bird,bird
1017,3,3,cat,cat
1018,4,8,deer,ship
1019,5,7,dog,horse
1020,6,6,frog,frog
1021,7,7,horse,horse
1022,8,8,ship,ship
1023,9,9,truck,truck
1024,2,2,bird,bird
1025,0,0,airplane,airplane
1026,1,1,automobile,automobile
1027,2,8,bird,ship
1028,3,4,cat,deer
1029,4,4,deer,deer
1030,5,5,dog,dog
1031,6,6,frog,frog
1032,7,7,horse,horse
1033,8,8,ship,ship
1034,9,9,truck,truck
1035,3,3,cat,cat
1036,0,0,airplane,airplane
1037,1,1,automobile,automobile
1038,2,8,bird,ship
1039,3,2,cat,bird
1040,4,6,deer,frog
1041,5,3,dog,cat
1042,6,4,frog,deer
1043,7,7,horse,horse
1044,8,0,ship,airplane
1045,9,9,truck,truck
1046,4,4,deer,deer
1047,0,7,airplane,horse
1048,1,6,automobile,frog
1049,2,5,bird,dog
1050,3,3,cat,cat
1051,4,4,deer,deer
1052,5,5,dog,dog
1053,6,6,frog,frog
1054,7,7,horse,horse
1055,8,6,ship,frog
1056,9,9,truck,truck
1057,5,3,dog,cat
1058,0,0,airplane,airplane
1059,1,9,automobile,truck
1060,2,2,bird,bird
1061,3,2,cat,bird
1062,4,4,deer,deer
1063,5,5,dog,dog
1064,6,6,frog,frog
1065,7,7,horse,horse
1066,8,8,ship,ship
1067,9,9,truck,truck
1068,6,6,frog,frog
1069,0,0,airplane,airplane
1070,1,1,automobile,automobile
1071,2,2,bird,bird
1072,3,3,cat,cat
1073,4,4,deer,deer
1074,5,2,dog,bird
1075,6,6,frog,frog
1076,7,7,horse,horse
1077,8,9,ship,truck
1078,9,9,truck,truck
1079,7,4,horse,deer
1080,0,4,airplane,deer
1081,1,1,automobile,automobile
1082,2,6,bird,frog
1083,3,9,cat,truck
1084,4,3,deer,cat
1085,5,7,dog,horse
1086,6,6,frog,frog
1087,7,7,horse,horse
1088,8,0,ship,airplane
1089,9,9,truck,truck
1090,8,8,ship,ship
1091,0,8,airplane,ship
1092,1,1,automobile,automobile
1093,2,2,bird,bird
1094,3,3,cat,cat
1095,4,6,deer,frog
1096,5,6,dog,frog
1097,6,6,frog,frog
1098,7,7,horse,horse
1099,8,8,ship,ship
1100,9,9,truck,truck
1101,9,0,truck,airplane
1102,0,0,airplane,airplane
1103,1,1,automobile,automobile
1104,2,3,bird,cat
1105,3,5,cat,dog
1106,4,4,deer,deer
1107,5,5,dog,dog
1108,6,6,frog,frog
1109,7,7,horse,horse
1110,8,0,ship,airplane
1111,9,9,truck,truck
1112,2,3,bird,cat
1113,0,0,airplane,airplane
1114,0,0,airplane,airplane
1115,0,0,airplane,airplane
1116,1,1,automobile,automobile
1117,2,4,bird,deer
1118,3,3,cat,cat
1119,4,4,deer,deer
1120,5,3,dog,cat
1121,6,6,frog,frog
1122,7,7,horse,horse
1123,8,8,ship,ship
1124,9,9,truck,truck
1125,1,1,automobile,automobile
1126,0,2,airplane,bird
1127,1,1,automobile,automobile
1128,2,2,bird,bird
1129,3,3,cat,cat
1130,4,6,deer,frog
1131,5,7,dog,horse
1132,6,6,frog,frog
1133,7,7,horse,horse
1134,8,8,ship,ship
1135,9,9,truck,truck
1136,2,0,bird,airplane
1137,0,0,airplane,airplane
1138,1,1,automobile,automobile
1139,2,6,bird,frog
1140,3,3,cat,cat
1141,4,8,deer,ship
1142,5,6,dog,frog
1143,6,6,frog,frog
1144,7,7,horse,horse
1145,8,1,ship,automobile
1146,9,8,truck,ship
1147,3,3,cat,cat
1148,0,0,airplane,airplane
1149,1,1,automobile,automobile
1150,2,2,bird,bird
1151,3,3,cat,cat
1152,4,4,deer,deer
1153,5,3,dog,cat
1154,6,6,frog,frog
1155,7,7,horse,horse
1156,8,8,ship,ship
1157,9,9,truck,truck
1158,4,0,deer,airplane
1159,0,0,airplane,airplane
1160,1,1,automobile,automobile
1161,2,3,bird,cat
1162,3,3,cat,cat
1163,4,6,deer,frog
1164,5,5,dog,dog
1165,6,1,frog,automobile
1166,7,7,horse,horse
1167,8,0,ship,airplane
1168,9,9,truck,truck
1169,5,3,dog,cat
1170,0,0,airplane,airplane
1171,1,1,automobile,automobile
1172,2,2,bird,bird
1173,3,3,cat,cat
1174,4,4,deer,deer
1175,5,6,dog,frog
1176,6,6,frog,frog
1177,7,7,horse,horse
1178,8,8,ship,ship
1179,9,9,truck,truck
1180,6,6,frog,frog
1181,0,0,airplane,airplane
1182,1,1,automobile,automobile
1183,2,2,bird,bird
1184,3,6,cat,frog
1185,4,4,deer,deer
1186,5,9,dog,truck
1187,6,6,frog,frog
1188,7,7,horse,horse
1189,8,8,ship,ship
1190,9,9,truck,truck
1191,7,7,horse,horse
1192,0,8,airplane,ship
1193,1,6,automobile,frog
1194,2,2,bird,bird
1195,3,5,cat,dog
1196,4,4,deer,deer
1197,5,3,dog,cat
1198,6,6,frog,frog
1199,7,7,horse,horse
1200,8,8,ship,ship
1201,9,3,truck,cat
1202,8,8,ship,ship
1203,0,1,airplane,automobile
1204,1,9,automobile,truck
1205,2,3,bird,cat
1206,3,4,cat,deer
1207,4,4,deer,deer
1208,5,2,dog,bird
1209,6,6,frog,frog
1210,7,3,horse,cat
1211,8,8,ship,ship
1212,9,9,truck,truck
1213,9,9,truck,truck
1214,0,0,airplane,airplane
1215,1,1,automobile,automobile
1216,2,2,bird,bird
1217,3,6,cat,frog
1218,4,3,deer,cat
1219,5,5,dog,dog
1220,6,3,frog,cat
1221,7,7,horse,horse
1222,8,8,ship,ship
1223,9,9,truck,truck
1224,1,1,automobile,automobile
1225,0,0,airplane,airplane
1226,0,0,airplane,airplane
1227,1,9,automobile,truck
1228,2,3,bird,cat
1229,3,3,cat,cat
1230,4,4,deer,deer
1231,5,5,dog,dog
1232,6,6,frog,frog
1233,7,7,horse,horse
1234,8,8,ship,ship
1235,9,9,truck,truck
1236,1,1,automobile,automobile
1237,0,0,airplane,airplane
1238,1,1,automobile,automobile
1239,2,2,bird,bird
1240,3,5,cat,dog
1241,4,4,deer,deer
1242,5,3,dog,cat
1243,6,6,frog,frog
1244,7,7,horse,horse
1245,8,8,ship,ship
1246,9,9,truck,truck
1247,2,2,bird,bird
1248,0,2,airplane,bird
1249,1,1,automobile,automobile
1250,2,2,bird,bird
1251,3,3,cat,cat
1252,4,4,deer,deer
1253,5,3,dog,cat
1254,6,6,frog,frog
1255,7,6,horse,frog
1256,8,1,ship,automobile
1257,9,9,truck,truck
1258,3,3,cat,cat
1259,0,7,airplane,horse
1260,1,1,automobile,automobile
1261,2,6,bird,frog
1262,3,8,cat,ship
1263,4,5,deer,dog
1264,5,3,dog,cat
1265,6,6,frog,frog
1266,7,7,horse,horse
1267,8,1,ship,automobile
1268,9,9,truck,truck
1269,4,4,deer,deer
1270,0,0,airplane,airplane
1271,1,1,automobile,automobile
1272,2,2,bird,bird
1273,3,5,cat,dog
1274,4,6,deer,frog
1275,5,5,dog,dog
1276,6,6,frog,frog
1277,7,2,horse,bird
1278,8,6,ship,frog
1279,9,9,truck,truck
1280,5,3,dog,cat
1281,0,0,airplane,airplane
1282,1,1,automobile,automobile
1283,2,2,bird,bird
1284,3,2,cat,bird
1285,4,4,deer,deer
1286,5,5,dog,dog
1287,6,6,frog,frog
1288,7,3,horse,cat
1289,8,8,ship,ship
1290,9,9,truck,truck
1291,6,6,frog,frog
1292,0,0,airplane,airplane
1293,1,1,automobile,automobile
1294,2,2,bird,bird
1295,3,6,cat,frog
1296,4,4,deer,deer
1297,5,6,dog,frog
1298,6,2,frog,bird
1299,7,6,horse,frog
1300,8,8,ship,ship
1301,9,9,truck,truck
1302,7,7,horse,horse
1303,0,0,airplane,airplane
1304,1,1,automobile,automobile
1305,2,2,bird,bird
1306,3,2,cat,bird
1307,4,4,deer,deer
1308,5,5,dog,dog
1309,6,6,frog,frog
1310,7,7,horse,horse
1311,8,8,ship,ship
1312,9,9,truck,truck
1313,8,8,ship,ship
1314,0,4,airplane,deer
1315,1,1,automobile,automobile
1316,2,6,bird,frog
1317,3,5,cat,dog
1318,4,6,deer,frog
1319,5,4,dog,deer
1320,6,3,frog,cat
1321,7,7,horse,horse
1322,8,1,ship,automobile
1323,9,9,truck,truck
1324,9,9,truck,truck
1325,0,1,airplane,automobile
1326,1,1,automobile,automobile
1327,2,4,bird,deer
1328,3,3,cat,cat
1329,4,7,deer,horse
1330,5,2,dog,bird
1331,6,6,frog,frog
1332,7,7,horse,horse
1333,8,0,ship,airplane
1334,9,9,truck,truck
1335,2,8,bird,ship
1336,0,0,airplane,airplane
1337,0,9,airplane,truck
1338,1,1,automobile,automobile
1339,2,2,bird,bird
1340,3,5,cat,dog
1341,4,4,deer,deer
1342,5,5,dog,dog
1343,6,6,frog,frog
1344,7,3,horse,cat
1345,8,8,ship,ship
1346,9,9,truck,truck
1347,1,9,automobile,truck
1348,0,0,airplane,airplane
1349,1,1,automobile,automobile
1350,2,5,bird,dog
1351,3,3,cat,cat
1352,4,4,deer,deer
1353,5,5,dog,dog
1354,6,3,frog,cat
1355,7,4,horse,deer
1356,8,8,ship,ship
1357,9,9,truck,truck
1358,2,2,bird,bird
1359,0,9,airplane,truck
1360,1,1,automobile,automobile
1361,2,0,bird,airplane
1362,3,3,cat,cat
1363,4,4,deer,deer
1364,5,5,dog,dog
1365,6,6,frog,frog
1366,7,0,horse,airplane
1367,8,9,ship,truck
1368,9,9,truck,truck
1369,3,3,cat,cat
1370,0,0,airplane,airplane
1371,1,1,automobile,automobile
1372,2,5,bird,dog
1373,3,5,cat,dog
1374,4,4,deer,deer
1375,5,6,dog,frog
1376,6,6,frog,frog
1377,7,4,horse,deer
1378,8,8,ship,ship
1379,9,9,truck,truck
1380,4,4,deer,deer
1381,0,9,airplane,truck
1382,1,1,automobile,automobile
1383,2,4,bird,deer
1384,3,3,cat,cat
1385,4,4,deer,deer
1386,5,3,dog,cat
1387,6,6,frog,frog
1388,7,7,horse,horse
1389,8,8,ship,ship
1390,9,9,truck,truck
1391,5,5,dog,dog
1392,0,0,airplane,airplane
1393,1,8,automobile,ship
1394,2,6,bird,frog
1395,3,5,cat,dog
1396,4,4,deer,deer
1397,5,6,dog,frog
1398,6,2,frog,bird
1399,7,7,horse,horse
1400,8,8,ship,ship
1401,9,9,truck,truck
1402,6,6,frog,frog
1403,0,0,airplane,airplane
1404,1,1,automobile,automobile
1405,2,4,bird,deer
1406,3,9,cat,truck
1407,4,4,deer,deer
1408,5,6,dog,frog
1409,6,6,frog,frog
1410,7,7,horse,horse
1411,8,8,ship,ship
1412,9,9,truck,truck
1413,7,7,horse,horse
1414,0,6,airplane,frog
1415,1,1,automobile,automobile
1416,2,5,bird,dog
1417,3,5,cat,dog
1418,4,4,deer,deer
1419,5,0,dog,airplane
1420,6,6,frog,frog
1421,7,4,horse,deer
1422,8,8,ship,ship
1423,9,9,truck,truck
1424,8,0,ship,airplane
1425,0,4,airplane,deer
1426,1,9,automobile,truck
1427,2,2,bird,bird
1428,3,4,cat,deer
1429,4,4,deer,deer
1430,5,5,dog,dog
1431,6,6,frog,frog
1432,7,7,horse,horse
1433,8,8,ship,ship
1434,9,9,truck,truck
1435,9,9,truck,truck
1436,0,7,airplane,horse
1437,1,5,automobile,dog
1438,2,3,bird,cat
1439,3,5,cat,dog
1440,4,4,deer,deer
1441,5,5,dog,dog
1442,6,6,frog,frog
1443,7,4,horse,deer
1444,8,8,ship,ship
1445,9,9,truck,truck
1446,3,0,cat,airplane
1447,0,4,airplane,deer
1448,0,0,airplane,airplane
1449,1,1,automobile,automobile
1450,2,3,bird,cat
1451,3,3,cat,cat
1452,4,3,deer,cat
1453,5,3,dog,cat
1454,6,6,frog,frog
1455,7,7,horse,horse
1456,8,6,ship,frog
1457,9,9,truck,truck
1458,1,1,automobile,automobile
1459,0,3,airplane,cat
1460,1,1,automobile,automobile
1461,2,5,bird,dog
1462,3,3,cat,cat
1463,4,4,deer,deer
1464,5,6,dog,frog
1465,6,6,frog,frog
1466,7,7,horse,horse
1467,8,8,ship,ship
1468,9,9,truck,truck
1469,2,5,bird,dog
1470,0,9,airplane,truck
1471,1,1,automobile,automobile
1472,2,2,bird,bird
1473,3,3,cat,cat
1474,4,4,deer,deer
1475,5,3,dog,cat
1476,6,6,frog,frog
1477,7,7,horse,horse
1478,8,4,ship,deer
1479,9,8,truck,ship
1480,3,3,cat,cat
1481,0,7,airplane,horse
1482,1,1,automobile,automobile
1483,2,1,bird,automobile
1484,3,3,cat,cat
1485,4,4,deer,deer
1486,5,5,dog,dog
1487,6,6,frog,frog
1488,7,7,horse,horse
1489,8,8,ship,ship
1490,9,9,truck,truck
1491,4,4,deer,deer
1492,0,0,airplane,airplane
1493,1,1,automobile,automobile
1494,2,4,bird,deer
1495,3,3,cat,cat
1496,4,4,deer,deer
1497,5,8,dog,ship
1498,6,6,frog,frog
1499,7,7,horse,horse
1500,8,4,ship,deer
1501,9,1,truck,automobile
1502,5,5,dog,dog
1503,0,0,airplane,airplane
1504,1,1,automobile,automobile
1505,2,0,bird,airplane
1506,3,0,cat,airplane
1507,4,7,deer,horse
1508,5,5,dog,dog
1509,6,5,frog,dog
1510,7,7,horse,horse
1511,8,8,ship,ship
1512,9,9,truck,truck
1513,6,6,frog,frog
1514,0,8,airplane,ship
1515,1,1,automobile,automobile
1516,2,6,bird,frog
1517,3,4,cat,deer
1518,4,5,deer,dog
1519,5,5,dog,dog
1520,6,6,frog,frog
1521,7,6,horse,frog
1522,8,8,ship,ship
1523,9,0,truck,airplane
1524,7,5,horse,dog
1525,0,4,airplane,deer
1526,1,0,automobile,airplane
1527,2,3,bird,cat
1528,3,8,cat,ship
1529,4,4,deer,deer
1530,5,5,dog,dog
1531,6,6,frog,frog
1532,7,3,horse,cat
1533,8,6,ship,frog
1534,9,9,truck,truck
1535,8,1,ship,automobile
1536,0,1,airplane,automobile
1537,1,1,automobile,automobile
1538,2,3,bird,cat
1539,3,3,cat,cat
1540,4,4,deer,deer
1541,5,6,dog,frog
1542,6,6,frog,frog
1543,7,4,horse,deer
1544,8,8,ship,ship
1545,9,9,truck,truck
1546,9,1,truck,automobile
1547,0,0,airplane,airplane
1548,1,8,automobile,ship
1549,2,6,bird,frog
1550,3,3,cat,cat
1551,4,4,deer,deer
1552,5,3,dog,cat
1553,6,6,frog,frog
1554,7,7,horse,horse
1555,8,7,ship,horse
1556,9,9,truck,truck
1557,4,4,deer,deer
1558,0,0,airplane,airplane
1559,0,6,airplane,frog
1560,1,1,automobile,automobile
1561,2,2,bird,bird
1562,3,3,cat,cat
1563,4,4,deer,deer
1564,5,4,dog,deer
1565,6,6,frog,frog
1566,7,7,horse,horse
1567,8,8,ship,ship
1568,9,9,truck,truck
1569,1,1,automobile,automobile
1570,0,0,airplane,airplane
1571,1,1,automobile,automobile
1572,2,7,bird,horse
1573,3,3,cat,cat
1574,4,4,deer,deer
1575,5,3,dog,cat
1576,6,6,frog,frog
1577,7,7,horse,horse
1578,8,8,ship,ship
1579,9,9,truck,truck
1580,2,2,bird,bird
1581,0,8,airplane,ship
1582,1,1,automobile,automobile
1583,2,4,bird,deer
1584,3,5,cat,dog
1585,4,4,deer,deer
1586,5,5,dog,dog
1587,6,6,frog,frog
1588,7,7,horse,horse
1589,8,8,ship,ship
1590,9,9,truck,truck
1591,3,8,cat,ship
1592,0,3,airplane,cat
1593,1,1,automobile,automobile
1594,2,0,bird,airplane
1595,3,6,cat,frog
1596,4,3,deer,cat
1597,5,6,dog,frog
1598,6,6,frog,frog
1599,7,7,horse,horse
1600,8,8,ship,ship
1601,9,9,truck,truck
1602,4,4,deer,deer
1603,0,4,airplane,deer
1604,1,1,automobile,automobile
1605,2,2,bird,bird
1606,3,7,cat,horse
1607,4,4,deer,deer
1608,5,3,dog,cat
1609,6,6,frog,frog
1610,7,7,horse,horse
1611,8,8,ship,ship
1612,9,9,truck,truck
1613,5,5,dog,dog
1614,0,4,airplane,deer
1615,1,1,automobile,automobile
1616,2,2,bird,bird
1617,3,5,cat,dog
1618,4,3,deer,cat
1619,5,5,dog,dog
1620,6,6,frog,frog
1621,7,4,horse,deer
1622,8,8,ship,ship
1623,9,9,truck,truck
1624,6,7,frog,horse
1625,0,2,airplane,bird
1626,1,1,automobile,automobile
1627,2,2,bird,bird
1628,3,3,cat,cat
1629,4,4,deer,deer
1630,5,5,dog,dog
1631,6,6,frog,frog
1632,7,7,horse,horse
1633,8,8,ship,ship
1634,9,9,truck,truck
1635,7,7,horse,horse
1636,0,0,airplane,airplane
1637,1,1,automobile,automobile
1638,2,4,bird,deer
1639,3,6,cat,frog
1640,4,4,deer,deer
1641,5,5,dog,dog
1642,6,6,frog,frog
1643,7,7,horse,horse
1644,8,1,ship,automobile
1645,9,9,truck,truck
1646,8,6,ship,frog
1647,0,4,airplane,deer
1648,1,1,automobile,automobile
1649,2,7,bird,horse
1650,3,6,cat,frog
1651,4,3,deer,cat
1652,5,5,dog,dog
1653,6,4,frog,deer
1654,7,7,horse,horse
1655,8,8,ship,ship
1656,9,9,truck,truck
1657,9,9,truck,truck
1658,0,0,airplane,airplane
1659,1,1,automobile,automobile
1660,2,2,bird,bird
1661,3,5,cat,dog
1662,4,8,deer,ship
1663,5,5,dog,dog
1664,6,6,frog,frog
1665,7,7,horse,horse
1666,8,8,ship,ship
1667,9,9,truck,truck
1668,5,6,dog,frog
1669,0,0,airplane,airplane
1670,0,7,airplane,horse
1671,1,1,automobile,automobile
1672,2,4,bird,deer
1673,3,6,cat,frog
1674,4,4,deer,deer
1675,5,4,dog,deer
1676,6,4,frog,deer
1677,7,7,horse,horse
1678,8,8,ship,ship
1679,9,9,truck,truck
1680,1,1,automobile,automobile
1681,0,8,airplane,ship
1682,1,6,automobile,frog
1683,2,6,bird,frog
1684,3,3,cat,cat
1685,4,6,deer,frog
1686,5,5,dog,dog
1687,6,6,frog,frog
1688,7,7,horse,horse
1689,8,8,ship,ship
1690,9,9,truck,truck
1691,2,3,bird,cat
1692,0,0,airplane,airplane
1693,1,8,automobile,ship
1694,2,2,bird,bird
1695,3,2,cat,bird
1696,4,7,deer,horse
1697,5,4,dog,deer
1698,6,8,frog,ship
1699,7,7,horse,horse
1700,8,8,ship,ship
1701,9,9,truck,truck
1702,3,7,cat,horse
1703,0,7,airplane,horse
1704,1,1,automobile,automobile
1705,2,0,bird,airplane
1706,3,8,cat,ship
1707,4,4,deer,deer
1708,5,5,dog,dog
1709,6,6,frog,frog
1710,7,7,horse,horse
1711,8,8,ship,ship
1712,9,9,truck,truck
1713,4,4,deer,deer
1714,0,2,airplane,bird
1715,1,1,automobile,automobile
1716,2,0,bird,airplane
1717,3,4,cat,deer
1718,4,4,deer,deer
1719,5,5,dog,dog
1720,6,6,frog,frog
1721,7,7,horse,horse
1722,8,8,ship,ship
1723,9,9,truck,truck
1724,5,4,dog,deer
1725,0,0,airplane,airplane
1726,1,1,automobile,automobile
1727,2,4,bird,deer
1728,3,8,cat,ship
1729,4,0,deer,airplane
1730,5,7,dog,horse
1731,6,6,frog,frog
1732,7,0,horse,airplane
1733,8,8,ship,ship
1734,9,9,truck,truck
1735,6,6,frog,frog
1736,0,9,airplane,truck
1737,1,9,automobile,truck
1738,2,5,bird,dog
1739,3,9,cat,truck
1740,4,7,deer,horse
1741,5,5,dog,dog
1742,6,6,frog,frog
1743,7,5,horse,dog
1744,8,8,ship,ship
1745,9,9,truck,truck
1746,7,4,horse,deer
1747,0,0,airplane,airplane
1748,1,1,automobile,automobile
1749,2,5,bird,dog
1750,3,9,cat,truck
1751,4,4,deer,deer
1752,5,5,dog,dog
1753,6,6,frog,frog
1754,7,7,horse,horse
1755,8,8,ship,ship
1756,9,9,truck,truck
1757,8,0,ship,airplane
1758,0,5,airplane,dog
1759,1,1,automobile,automobile
1760,2,2,bird,bird
1761,3,3,cat,cat
1762,4,4,deer,deer
1763,5,5,dog,dog
1764,6,6,frog,frog
1765,7,7,horse,horse
1766,8,8,ship,ship
1767,9,9,truck,truck
1768,9,9,truck,truck
1769,0,8,airplane,ship
1770,1,1,automobile,automobile
1771,2,2,bird,bird
1772,3,3,cat,cat
1773,4,4,deer,deer
1774,5,5,dog,dog
1775,6,6,frog,frog
1776,7,7,horse,horse
1777,8,8,ship,ship
1778,9,1,truck,automobile
1779,6,6,frog,frog
1780,0,0,airplane,airplane
1781,0,7,airplane,horse
1782,1,1,automobile,automobile
1783,2,2,bird,bird
1784,3,3,cat,cat
1785,4,6,deer,frog
1786,5,5,dog,dog
1787,6,6,frog,frog
1788,7,7,horse,horse
1789,8,8,ship,ship
1790,9,9,truck,truck
1791,1,1,automobile,automobile
1792,0,4,airplane,deer
1793,1,6,automobile,frog
1794,2,6,bird,frog
1795,3,4,cat,deer
1796,4,4,deer,deer
1797,5,5,dog,dog
1798,6,0,frog,airplane
1799,7,4,horse,deer
1800,8,8,ship,ship
1801,9,9,truck,truck
1802,2,2,bird,bird
1803,0,7,airplane,horse
1804,1,9,automobile,truck
1805,2,7,bird,horse
1806,3,6,cat,frog
1807,4,6,deer,frog
1808,5,8,dog,ship
1809,6,6,frog,frog
1810,7,9,horse,truck
1811,8,8,ship,ship
1812,9,9,truck,truck
1813,3,0,cat,airplane
1814,0,0,airplane,airplane
1815,1,9,automobile,truck
1816,2,6,bird,frog
1817,3,3,cat,cat
1818,4,3,deer,cat
1819,5,5,dog,dog
1820,6,6,frog,frog
1821,7,7,horse,horse
1822,8,8,ship,ship
1823,9,9,truck,truck
1824,4,4,deer,deer
1825,0,0,airplane,airplane
1826,1,1,automobile,automobile
1827,2,7,bird,horse
1828,3,7,cat,horse
1829,4,3,deer,cat
1830,5,5,dog,dog
1831,6,6,frog,frog
1832,7,4,horse,deer
1833,8,8,ship,ship
1834,9,9,truck,truck
1835,5,7,dog,horse
1836,0,0,airplane,airplane
1837,1,1,automobile,automobile
1838,2,4,bird,deer
1839,3,6,cat,frog
1840,4,4,deer,deer
1841,5,7,dog,horse
1842,6,4,frog,deer
1843,7,3,horse,cat
1844,8,8,ship,ship
1845,9,9,truck,truck
1846,6,6,frog,frog
1847,0,3,airplane,cat
1848,1,8,automobile,ship
1849,2,2,bird,bird
1850,3,7,cat,horse
1851,4,4,deer,deer
1852,5,4,dog,deer
1853,6,6,frog,frog
1854,7,7,horse,horse
1855,8,8,ship,ship
1856,9,9,truck,truck
1857,7,7,horse,horse
1858,0,0,airplane,airplane
1859,1,1,automobile,automobile
1860,2,7,bird,horse
1861,3,2,cat,bird
1862,4,7,deer,horse
1863,5,6,dog,frog
1864,6,6,frog,frog
1865,7,4,horse,deer
1866,8,8,ship,ship
1867,9,9,truck,truck
1868,8,1,ship,automobile
1869,0,9,airplane,truck
1870,1,9,automobile,truck
1871,2,3,bird,cat
1872,3,3,cat,cat
1873,4,7,deer,horse
1874,5,5,dog,dog
1875,6,6,frog,frog
1876,7,3,horse,cat
1877,8,8,ship,ship
1878,9,9,truck,truck
1879,9,9,truck,truck
1880,0,0,airplane,airplane
1881,1,1,automobile,automobile
1882,2,0,bird,airplane
1883,3,8,cat,ship
1884,4,4,deer,deer
1885,5,3,dog,cat
1886,6,1,frog,automobile
1887,7,7,horse,horse
1888,8,8,ship,ship
1889,9,6,truck,frog
1890,7,7,horse,horse
1891,0,0,airplane,airplane
1892,0,9,airplane,truck
1893,1,1,automobile,automobile
1894,2,5,bird,dog
1895,3,8,cat,ship
1896,4,4,deer,deer
1897,5,3,dog,cat
1898,6,6,frog,frog
1899,7,5,horse,dog
1900,8,8,ship,ship
1901,9,1,truck,automobile
1902,1,9,automobile,truck
1903,0,0,airplane,airplane
1904,1,1,automobile,automobile
1905,2,0,bird,airplane
1906,3,3,cat,cat
1907,4,4,deer,deer
1908,5,5,dog,dog
1909,6,3,frog,cat
1910,7,7,horse,horse
1911,8,8,ship,ship
1912,9,9,truck,truck
1913,2,3,bird,cat
1914,0,4,airplane,deer
1915,1,1,automobile,automobile
1916,2,3,bird,cat
1917,3,6,cat,frog
1918,4,4,deer,deer
1919,5,3,dog,cat
1920,6,6,frog,frog
1921,7,7,horse,horse
1922,8,2,ship,bird
1923,9,9,truck,truck
1924,3,3,cat,cat
1925,0,4,airplane,deer
1926,1,1,automobile,automobile
1927,2,2,bird,bird
1928,3,3,cat,cat
1929,4,4,deer,deer
1930,5,5,dog,dog
1931,6,6,frog,frog
1932,7,7,horse,horse
1933,8,8,ship,ship
1934,9,9,truck,truck
1935,4,4,deer,deer
1936,0,0,airplane,airplane
1937,1,1,automobile,automobile
1938,2,2,bird,bird
1939,3,4,cat,deer
1940,4,6,deer,frog
1941,5,5,dog,dog
1942,6,6,frog,frog
1943,7,7,horse,horse
1944,8,8,ship,ship
1945,9,9,truck,truck
1946,5,5,dog,dog
1947,0,0,airplane,airplane
1948,1,1,automobile,automobile
1949,2,0,bird,airplane
1950,3,3,cat,cat
1951,4,4,deer,deer
1952,5,5,dog,dog
1953,6,4,frog,deer
1954,7,3,horse,cat
1955,8,8,ship,ship
1956,9,9,truck,truck
1957,6,6,frog,frog
1958,0,1,airplane,automobile
1959,1,1,automobile,automobile
1960,2,6,bird,frog
1961,3,3,cat,cat
1962,4,4,deer,deer
1963,5,6,dog,frog
1964,6,6,frog,frog
1965,7,7,horse,horse
1966,8,8,ship,ship
1967,9,9,truck,truck
1968,7,7,horse,horse
1969,0,1,airplane,automobile
1970,1,1,automobile,automobile
1971,2,4,bird,deer
1972,3,3,cat,cat
1973,4,4,deer,deer
1974,5,6,dog,frog
1975,6,6,frog,frog
1976,7,3,horse,cat
1977,8,8,ship,ship
1978,9,9,truck,truck
1979,8,0,ship,airplane
1980,0,0,airplane,airplane
1981,1,1,automobile,automobile
1982,2,2,bird,bird
1983,3,6,cat,frog
1984,4,1,deer,automobile
1985,5,5,dog,dog
1986,6,3,frog,cat
1987,7,7,horse,horse
1988,8,0,ship,airplane
1989,9,9,truck,truck
1990,9,9,truck,truck
1991,0,0,airplane,airplane
1992,1,9,automobile,truck
1993,2,5,bird,dog
1994,3,5,cat,dog
1995,4,6,deer,frog
1996,5,5,dog,dog
1997,6,6,frog,frog
1998,7,5,horse,dog
1999,8,8,ship,ship
2000,9,5,truck,dog
2001,8,8,ship,ship
2002,0,0,airplane,airplane
2003,0,4,airplane,deer
2004,1,1,automobile,automobile
2005,2,2,bird,bird
2006,3,3,cat,cat
2007,4,4,deer,deer
2008,5,5,dog,dog
2009,6,6,frog,frog
2010,7,4,horse,deer
2011,8,1,ship,automobile
2012,9,9,truck,truck
2013,1,1,automobile,automobile
2014,0,0,airplane,airplane
2015,1,1,automobile,automobile
2016,2,2,bird,bird
2017,3,6,cat,frog
2018,4,4,deer,deer
2019,5,3,dog,cat
2020,6,4,frog,deer
2021,7,7,horse,horse
2022,8,8,ship,ship
2023,9,9,truck,truck
2024,2,0,bird,airplane
2025,0,1,airplane,automobile
2026,1,1,automobile,automobile
2027,2,0,bird,airplane
2028,3,3,cat,cat
2029,4,4,deer,deer
2030,5,5,dog,dog
2031,6,6,frog,frog
2032,7,4,horse,deer
2033,8,8,ship,ship
2034,9,1,truck,automobile
2035,3,3,cat,cat
2036,0,0,airplane,airplane
2037,1,1,automobile,automobile
2038,2,0,bird,airplane
2039,3,3,cat,cat
2040,4,3,deer,cat
2041,5,5,dog,dog
2042,6,6,frog,frog
2043,7,7,horse,horse
2044,8,8,ship,ship
2045,9,9,truck,truck
2046,4,4,deer,deer
2047,0,0,airplane,airplane
2048,1,1,automobile,automobile
2049,2,2,bird,bird
2050,3,0,cat,airplane
2051,4,4,deer,deer
2052,5,5,dog,dog
2053,6,9,frog,truck
2054,7,7,horse,horse
2055,8,6,ship,frog
2056,9,9,truck,truck
2057,5,8,dog,ship
2058,0,0,airplane,airplane
2059,1,1,automobile,automobile
2060,2,0,bird,airplane
2061,3,3,cat,cat
2062,4,6,deer,frog
2063,5,5,dog,dog
2064,6,6,frog,frog
2065,7,7,horse,horse
2066,8,8,ship,ship
2067,9,9,truck,truck
2068,6,9,frog,truck
2069,0,8,airplane,ship
2070,1,6,automobile,frog
2071,2,0,bird,airplane
2072,3,0,cat,airplane
2073,4,3,deer,cat
2074,5,6,dog,frog
2075,6,6,frog,frog
2076,7,7,horse,horse
2077,8,8,ship,ship
2078,9,9,truck,truck
2079,7,7,horse,horse
2080,0,8,airplane,ship
2081,1,1,automobile,automobile
2082,2,3,bird,cat
2083,3,4,cat,deer
2084,4,4,deer,deer
2085,5,4,dog,deer
2086,6,6,frog,frog
2087,7,7,horse,horse
2088,8,8,ship,ship
2089,9,9,truck,truck
2090,8,6,ship,frog
2091,0,0,airplane,airplane
2092,1,1,automobile,automobile
2093,2,0,bird,airplane
2094,3,3,cat,cat
2095,4,4,deer,deer
2096,5,5,dog,dog
2097,6,6,frog,frog
2098,7,7,horse,horse
2099,8,9,ship,truck
2100,9,9,truck,truck
2101,9,9,truck,truck
2102,0,8,airplane,ship
2103,1,1,automobile,automobile
2104,2,4,bird,deer
2105,3,7,cat,horse
2106,4,4,deer,deer
2107,5,5,dog,dog
2108,6,9,frog,truck
2109,7,5,horse,dog
2110,8,8,ship,ship
2111,9,9,truck,truck
2112,9,9,truck,truck
2113,0,8,airplane,ship
2114,0,8,airplane,ship
2115,1,9,automobile,truck
2116,2,4,bird,deer
2117,3,3,cat,cat
2118,4,4,deer,deer
2119,5,7,dog,horse
2120,6,8,frog,ship
2121,7,7,horse,horse
2122,8,8,ship,ship
2123,9,9,truck,truck
2124,1,6,automobile,frog
2125,0,0,airplane,airplane
2126,1,1,automobile,automobile
2127,2,2,bird,bird
2128,3,4,cat,deer
2129,4,4,deer,deer
2130,5,5,dog,dog
2131,6,6,frog,frog
2132,7,7,horse,horse
2133,8,8,ship,ship
2134,9,9,truck,truck
2135,2,2,bird,bird
2136,0,0,airplane,airplane
2137,1,1,automobile,automobile
2138,2,4,bird,deer
2139,3,2,cat,bird
2140,4,4,deer,deer
2141,5,8,dog,ship
2142,6,6,frog,frog
2143,7,7,horse,horse
2144,8,8,ship,ship
2145,9,9,truck,truck
2146,3,5,cat,dog
2147,0,8,airplane,ship
2148,1,1,automobile,automobile
2149,2,2,bird,bird
2150,3,1,cat,automobile
2151,4,4,deer,deer
2152,5,5,dog,dog
2153,6,6,frog,frog
2154,7,7,horse,horse
2155,8,2,ship,bird
2156,9,9,truck,truck
2157,4,4,deer,deer
2158,0,9,airplane,truck
2159,1,1,automobile,automobile
2160,2,6,bird,frog
2161,3,6,cat,frog
2162,4,4,deer,deer
2163,5,3,dog,cat
2164,6,6,frog,frog
2165,7,7,horse,horse
2166,8,8,ship,ship
2167,9,9,truck,truck
2168,5,5,dog,dog
2169,0,6,airplane,frog
2170,1,1,automobile,automobile
2171,2,2,bird,bird
2172,3,4,cat,deer
2173,4,4,deer,deer
2174,5,8,dog,ship
2175,6,6,frog,frog
2176,7,7,horse,horse
2177,8,8,ship,ship
2178,9,9,truck,truck
2179,6,5,frog,dog
2180,0,0,airplane,airplane
2181,1,1,automobile,automobile
2182,2,1,bird,automobile
2183,3,3,cat,cat
2184,4,3,deer,cat
2185,5,5,dog,dog
2186,6,6,frog,frog
2187,7,7,horse,horse
2188,8,8,ship,ship
2189,9,9,truck,truck
2190,7,7,horse,horse
2191,0,9,airplane,truck
2192,1,6,automobile,frog
2193,2,2,bird,bird
2194,3,3,cat,cat
2195,4,4,deer,deer
2196,5,5,dog,dog
2197,6,6,frog,frog
2198,7,7,horse,horse
2199,8,8,ship,ship
2200,9,9,truck,truck
2201,8,8,ship,ship
2202,0,0,airplane,airplane
2203,1,1,automobile,automobile
2204,2,4,bird,deer
2205,3,2,cat,bird
2206,4,6,deer,frog
2207,5,5,dog,dog
2208,6,6,frog,frog
2209,7,7,horse,horse
2210,8,8,ship,ship
2211,9,9,truck,truck
2212,9,9,truck,truck
2213,0,8,airplane,ship
2214,1,1,automobile,automobile
2215,2,2,bird,bird
2216,3,5,cat,dog
2217,4,4,deer,deer
2218,5,5,dog,dog
2219,6,6,frog,frog
2220,7,7,horse,horse
2221,8,8,ship,ship
2222,9,9,truck,truck
2223,3,3,cat,cat
2224,0,0,airplane,airplane
2225,0,0,airplane,airplane
2226,1,8,automobile,ship
2227,2,5,bird,dog
2228,3,3,cat,cat
2229,4,3,deer,cat
2230,5,3,dog,cat
2231,6,6,frog,frog
2232,7,7,horse,horse
2233,8,8,ship,ship
2234,9,9,truck,truck
2235,1,1,automobile,automobile
2236,0,8,airplane,ship
2237,1,1,automobile,automobile
2238,2,6,bird,frog
2239,3,3,cat,cat
2240,4,4,deer,deer
2241,5,3,dog,cat
2242,6,6,frog,frog
2243,7,7,horse,horse
2244,8,8,ship,ship
2245,9,9,truck,truck
2246,2,7,bird,horse
2247,0,8,airplane,ship
2248,1,1,automobile,automobile
2249,2,2,bird,bird
2250,3,5,cat,dog
2251,4,4,deer,deer
2252,5,5,dog,dog
2253,6,5,frog,dog
2254,7,7,horse,horse
2255,8,8,ship,ship
2256,9,9,truck,truck
2257,3,6,cat,frog
2258,0,0,airplane,airplane
2259,1,1,automobile,automobile
2260,2,3,bird,cat
2261,3,3,cat,cat
2262,4,4,deer,deer
2263,5,3,dog,cat
2264,6,6,frog,frog
2265,7,7,horse,horse
2266,8,9,ship,truck
2267,9,9,truck,truck
2268,4,5,deer,dog
2269,0,8,airplane,ship
2270,1,4,automobile,deer
2271,2,7,bird,horse
2272,3,3,cat,cat
2273,4,4,deer,deer
2274,5,7,dog,horse
2275,6,6,frog,frog
2276,7,5,horse,dog
2277,8,8,ship,ship
2278,9,9,truck,truck
2279,5,5,dog,dog
2280,0,7,airplane,horse
2281,1,1,automobile,automobile
2282,2,8,bird,ship
2283,3,4,cat,deer
2284,4,4,deer,deer
2285,5,2,dog,bird
2286,6,5,frog,dog
2287,7,3,horse,cat
2288,8,8,ship,ship
2289,9,1,truck,automobile
2290,6,6,frog,frog
2291,0,0,airplane,airplane
2292,1,1,automobile,automobile
2293,2,6,bird,frog
2294,3,7,cat,horse
2295,4,4,deer,deer
2296,5,5,dog,dog
2297,6,6,frog,frog
2298,7,6,horse,frog
2299,8,9,ship,truck
2300,9,9,truck,truck
2301,7,7,horse,horse
2302,0,0,airplane,airplane
2303,1,1,automobile,automobile
2304,2,2,bird,bird
2305,3,3,cat,cat
2306,4,4,deer,deer
2307,5,4,dog,deer
2308,6,6,frog,frog
2309,7,7,horse,horse
2310,8,8,ship,ship
2311,9,9,truck,truck
2312,8,0,ship,airplane
2313,0,0,airplane,airplane
2314,1,9,automobile,truck
2315,2,2,bird,bird
2316,3,5,cat,dog
2317,4,4,deer,deer
2318,5,4,dog,deer
2319,6,6,frog,frog
2320,7,7,horse,horse
2321,8,8,ship,ship
2322,9,9,truck,truck
2323,9,9,truck,truck
2324,0,8,airplane,ship
2325,1,8,automobile,ship
2326,2,4,bird,deer
2327,3,2,cat,bird
2328,4,4,deer,deer
2329,5,5,dog,dog
2330,6,6,frog,frog
2331,7,7,horse,horse
2332,8,8,ship,ship
2333,9,9,truck,truck
2334,4,4,deer,deer
2335,0,8,airplane,ship
2336,0,4,airplane,deer
2337,1,1,automobile,automobile
2338,2,7,bird,horse
2339,3,5,cat,dog
2340,4,4,deer,deer
2341,5,5,dog,dog
2342,6,3,frog,cat
2343,7,7,horse,horse
2344,8,4,ship,deer
2345,9,9,truck,truck
2346,1,1,automobile,automobile
2347,0,7,airplane,horse
2348,1,1,automobile,automobile
2349,2,7,bird,horse
2350,3,3,cat,cat
2351,4,8,deer,ship
2352,5,5,dog,dog
2353,6,2,frog,bird
2354,7,7,horse,horse
2355,8,8,ship,ship
2356,9,9,truck,truck
2357,2,3,bird,cat
2358,0,8,airplane,ship
2359,1,1,automobile,automobile
2360,2,5,bird,dog
2361,3,7,cat,horse
2362,4,6,deer,frog
2363,5,7,dog,horse
2364,6,7,frog,horse
2365,7,2,horse,bird
2366,8,0,ship,airplane
2367,9,9,truck,truck
2368,3,3,cat,cat
2369,0,0,airplane,airplane
2370,1,1,automobile,automobile
2371,2,2,bird,bird
2372,3,7,cat,horse
2373,4,6,deer,frog
2374,5,5,dog,dog
2375,6,6,frog,frog
2376,7,7,horse,horse
2377,8,8,ship,ship
2378,9,9,truck,truck
2379,4,7,deer,horse
2380,0,7,airplane,horse
2381,1,1,automobile,automobile
2382,2,4,bird,deer
2383,3,3,cat,cat
2384,4,4,deer,deer
2385,5,6,dog,frog
2386,6,6,frog,frog
2387,7,7,horse,horse
2388,8,8,ship,ship
2389,9,9,truck,truck
2390,5,5,dog,dog
2391,0,1,airplane,automobile
2392,1,1,automobile,automobile
2393,2,5,bird,dog
2394,3,5,cat,dog
2395,4,4,deer,deer
2396,5,3,dog,cat
2397,6,3,frog,cat
2398,7,7,horse,horse
2399,8,1,ship,automobile
2400,9,9,truck,truck
2401,6,6,frog,frog
2402,0,0,airplane,airplane
2403,1,1,automobile,automobile
2404,2,2,bird,bird
2405,3,3,cat,cat
2406,4,2,deer,bird
2407,5,6,dog,frog
2408,6,6,frog,frog
2409,7,7,horse,horse
2410,8,8,ship,ship
2411,9,9,truck,truck
2412,7,4,horse,deer
2413,0,0,airplane,airplane
2414,1,1,automobile,automobile
2415,2,4,bird,deer
2416,3,3,cat,cat
2417,4,4,deer,deer
2418,5,5,dog,dog
2419,6,6,frog,frog
2420,7,7,horse,horse
2421,8,0,ship,airplane
2422,9,9,truck,truck
2423,8,8,ship,ship
2424,0,8,airplane,ship
2425,1,1,automobile,automobile
2426,2,0,bird,airplane
2427,3,8,cat,ship
2428,4,7,deer,horse
2429,5,3,dog,cat
2430,6,6,frog,frog
2431,7,7,horse,horse
2432,8,8,ship,ship
2433,9,9,truck,truck
2434,9,9,truck,truck
2435,0,0,airplane,airplane
2436,1,1,automobile,automobile
2437,2,2,bird,bird
2438,3,5,cat,dog
2439,4,4,deer,deer
2440,5,7,dog,horse
2441,6,6,frog,frog
2442,7,7,horse,horse
2443,8,8,ship,ship
2444,9,9,truck,truck
2445,5,5,dog,dog
2446,0,0,airplane,airplane
2447,0,0,airplane,airplane
2448,1,1,automobile,automobile
2449,2,4,bird,deer
2450,3,8,cat,ship
2451,4,3,deer,cat
2452,5,5,dog,dog
2453,6,6,frog,frog
2454,7,7,horse,horse
2455,8,0,ship,airplane
2456,9,9,truck,truck
2457,1,1,automobile,automobile
2458,0,0,airplane,airplane
2459,1,8,automobile,ship
2460,2,4,bird,deer
2461,3,6,cat,frog
2462,4,4,deer,deer
2463,5,5,dog,dog
2464,6,6,frog,frog
2465,7,7,horse,horse
2466,8,4,ship,deer
2467,9,6,truck,frog
2468,2,2,bird,bird
2469,0,5,airplane,dog
2470,1,1,automobile,automobile
2471,2,6,bird,frog
2472,3,3,cat,cat
2473,4,3,deer,cat
2474,5,5,dog,dog
2475,6,6,frog,frog
2476,7,4,horse,deer
2477,8,9,ship,truck
2478,9,9,truck,truck
2479,3,5,cat,dog
2480,0,6,airplane,frog
2481,1,1,automobile,automobile
2482,2,5,bird,dog
2483,3,2,cat,bird
2484,4,4,deer,deer
2485,5,5,dog,dog
2486,6,6,frog,frog
2487,7,7,horse,horse
2488,8,8,ship,ship
2489,9,9,truck,truck
2490,4,6,deer,frog
2491,0,0,airplane,airplane
2492,1,1,automobile,automobile
2493,2,4,bird,deer
2494,3,3,cat,cat
2495,4,7,deer,horse
2496,5,2,dog,bird
2497,6,6,frog,frog
2498,7,7,horse,horse
2499,8,8,ship,ship
2500,9,9,truck,truck
2501,5,6,dog,frog
2502,0,6,airplane,frog
2503,1,1,automobile,automobile
2504,2,7,bird,horse
2505,3,8,cat,ship
2506,4,4,deer,deer
2507,5,3,dog,cat
2508,6,6,frog,frog
2509,7,5,horse,dog
2510,8,8,ship,ship
2511,9,9,truck,truck
2512,6,6,frog,frog
2513,0,3,airplane,cat
2514,1,1,automobile,automobile
2515,2,7,bird,horse
2516,3,8,cat,ship
2517,4,4,deer,deer
2518,5,5,dog,dog
2519,6,3,frog,cat
2520,7,3,horse,cat
2521,8,8,ship,ship
2522,9,9,truck,truck
2523,7,7,horse,horse
2524,0,0,airplane,airplane
2525,1,1,automobile,automobile
2526,2,2,bird,bird
2527,3,8,cat,ship
2528,4,4,deer,deer
2529,5,5,dog,dog
2530,6,6,frog,frog
2531,7,7,horse,horse
2532,8,8,ship,ship
2533,9,9,truck,truck
2534,8,8,ship,ship
2535,0,0,airplane,airplane
2536,1,1,automobile,automobile
2537,2,0,bird,airplane
2538,3,1,cat,automobile
2539,4,7,deer,horse
2540,5,2,dog,bird
2541,6,6,frog,frog
2542,7,7,horse,horse
2543,8,8,ship,ship
2544,9,9,truck,truck
2545,9,9,truck,truck
2546,0,4,airplane,deer
2547,1,1,automobile,automobile
2548,2,5,bird,dog
2549,3,3,cat,cat
2550,4,4,deer,deer
2551,5,5,dog,dog
2552,6,6,frog,frog
2553,7,7,horse,horse
2554,8,8,ship,ship
2555,9,9,truck,truck
2556,6,6,frog,frog
2557,0,7,airplane,horse
2558,0,4,airplane,deer
2559,1,1,automobile,automobile
2560,2,0,bird,airplane
2561,3,6,cat,frog
2562,4,2,deer,bird
2563,5,5,dog,dog
2564,6,6,frog,frog
2565,7,6,horse,frog
2566,8,8,ship,ship
2567,9,6,truck,frog
2568,1,1,automobile,automobile
2569,0,0,airplane,airplane
2570,1,1,automobile,automobile
2571,2,5,bird,dog
2572,3,3,cat,cat
2573,4,4,deer,deer
2574,5,5,dog,dog
2575,6,6,frog,frog
2576,7,3,horse,cat
2577,8,8,ship,ship
2578,9,9,truck,truck
2579,2,0,bird,airplane
2580,0,4,airplane,deer
2581,1,1,automobile,automobile
2582,2,0,bird,airplane
2583,3,3,cat,cat
2584,4,4,deer,deer
2585,5,5,dog,dog
2586,6,6,frog,frog
2587,7,7,horse,horse
2588,8,8,ship,ship
2589,9,6,truck,frog
2590,3,0,cat,airplane
2591,0,0,airplane,airplane
2592,1,7,automobile,horse
2593,2,2,bird,bird
2594,3,3,cat,cat
2595,4,4,deer,deer
2596,5,2,dog,bird
2597,6,4,frog,deer
2598,7,7,horse,horse
2599,8,8,ship,ship
2600,9,9,truck,truck
2601,4,4,deer,deer
2602,0,9,airplane,truck
2603,1,1,automobile,automobile
2604,2,3,bird,cat
2605,3,8,cat,ship
2606,4,4,deer,deer
2607,5,3,dog,cat
2608,6,6,frog,frog
2609,7,7,horse,horse
2610,8,8,ship,ship
2611,9,9,truck,truck
2612,5,5,dog,dog
2613,0,2,airplane,bird
2614,1,1,automobile,automobile
2615,2,3,bird,cat
2616,3,3,cat,cat
2617,4,6,deer,frog
2618,5,5,dog,dog
2619,6,6,frog,frog
2620,7,7,horse,horse
2621,8,8,ship,ship
2622,9,9,truck,truck
2623,6,6,frog,frog
2624,0,0,airplane,airplane
2625,1,1,automobile,automobile
2626,2,2,bird,bird
2627,3,3,cat,cat
2628,4,4,deer,deer
2629,5,5,dog,dog
2630,6,6,frog,frog
2631,7,9,horse,truck
2632,8,8,ship,ship
2633,9,0,truck,airplane
2634,7,7,horse,horse
2635,0,6,airplane,frog
2636,1,1,automobile,automobile
2637,2,8,bird,ship
2638,3,6,cat,frog
2639,4,4,deer,deer
2640,5,5,dog,dog
2641,6,6,frog,frog
2642,7,7,horse,horse
2643,8,8,ship,ship
2644,9,9,truck,truck
2645,8,8,ship,ship
2646,0,9,airplane,truck
2647,1,9,automobile,truck
2648,2,2,bird,bird
2649,3,3,cat,cat
2650,4,4,deer,deer
2651,5,6,dog,frog
2652,6,6,frog,frog
2653,7,7,horse,horse
2654,8,8,ship,ship
2655,9,9,truck,truck
2656,9,9,truck,truck
2657,0,8,airplane,ship
2658,1,1,automobile,automobile
2659,2,6,bird,frog
2660,3,4,cat,deer
2661,4,7,deer,horse
2662,5,5,dog,dog
2663,6,6,frog,frog
2664,7,7,horse,horse
2665,8,8,ship,ship
2666,9,9,truck,truck
2667,7,7,horse,horse
2668,0,0,airplane,airplane
2669,0,9,airplane,truck
2670,1,1,automobile,automobile
2671,2,6,bird,frog
2672,3,6,cat,frog
2673,4,4,deer,deer
2674,5,6,dog,frog
2675,6,6,frog,frog
2676,7,4,horse,deer
2677,8,8,ship,ship
2678,9,9,truck,truck
2679,1,1,automobile,automobile
2680,0,8,airplane,ship
2681,1,1,automobile,automobile
2682,2,2,bird,bird
2683,3,3,cat,cat
2684,4,3,deer,cat
2685,5,5,dog,dog
2686,6,8,frog,ship
2687,7,7,horse,horse
2688,8,8,ship,ship
2689,9,9,truck,truck
2690,2,2,bird,bird
2691,0,9,airplane,truck
2692,1,1,automobile,automobile
2693,2,0,bird,airplane
2694,3,3,cat,cat
2695,4,4,deer,deer
2696,5,5,dog,dog
2697,6,6,frog,frog
2698,7,7,horse,horse
2699,8,8,ship,ship
2700,9,9,truck,truck
2701,3,6,cat,frog
2702,0,9,airplane,truck
2703,1,8,automobile,ship
2704,2,2,bird,bird
2705,3,3,cat,cat
2706,4,3,deer,cat
2707,5,4,dog,deer
2708,6,6,frog,frog
2709,7,7,horse,horse
2710,8,2,ship,bird
2711,9,8,truck,ship
2712,4,4,deer,deer
2713,0,1,airplane,automobile
2714,1,1,automobile,automobile
2715,2,4,bird,deer
2716,3,3,cat,cat
2717,4,4,deer,deer
2718,5,3,dog,cat
2719,6,6,frog,frog
2720,7,9,horse,truck
2721,8,7,ship,horse
2722,9,9,truck,truck
2723,5,5,dog,dog
2724,0,9,airplane,truck
2725,1,1,automobile,automobile
2726,2,9,bird,truck
2727,3,3,cat,cat
2728,4,5,deer,dog
2729,5,5,dog,dog
2730,6,4,frog,deer
2731,7,7,horse,horse
2732,8,8,ship,ship
2733,9,2,truck,bird
2734,6,6,frog,frog
2735,0,8,airplane,ship
2736,1,1,automobile,automobile
2737,2,3,bird,cat
2738,3,3,cat,cat
2739,4,4,deer,deer
2740,5,5,dog,dog
2741,6,6,frog,frog
2742,7,7,horse,horse
2743,8,1,ship,automobile
2744,9,9,truck,truck
2745,7,7,horse,horse
2746,0,9,airplane,truck
2747,1,1,automobile,automobile
2748,2,3,bird,cat
2749,3,6,cat,frog
2750,4,7,deer,horse
2751,5,3,dog,cat
2752,6,6,frog,frog
2753,7,7,horse,horse
2754,8,8,ship,ship
2755,9,9,truck,truck
2756,8,6,ship,frog
2757,0,7,airplane,horse
2758,1,1,automobile,automobile
2759,2,2,bird,bird
2760,3,2,cat,bird
2761,4,4,deer,deer
2762,5,5,dog,dog
2763,6,6,frog,frog
2764,7,7,horse,horse
2765,8,8,ship,ship
2766,9,9,truck,truck
2767,9,0,truck,airplane
2768,0,0,airplane,airplane
2769,1,1,automobile,automobile
2770,2,6,bird,frog
2771,3,3,cat,cat
2772,4,3,deer,cat
2773,5,5,dog,dog
2774,6,3,frog,cat
2775,7,3,horse,cat
2776,8,3,ship,cat
2777,9,9,truck,truck
2778,8,8,ship,ship
2779,0,8,airplane,ship
2780,0,0,airplane,airplane
2781,1,1,automobile,automobile
2782,2,4,bird,deer
2783,3,3,cat,cat
2784,4,4,deer,deer
2785,5,5,dog,dog
2786,6,6,frog,frog
2787,7,7,horse,horse
2788,8,8,ship,ship
2789,9,9,truck,truck
2790,1,1,automobile,automobile
2791,0,0,airplane,airplane
2792,1,1,automobile,automobile
2793,2,6,bird,frog
2794,3,3,cat,cat
2795,4,4,deer,deer
2796,5,6,dog,frog
2797,6,6,frog,frog
2798,7,7,horse,horse
2799,8,8,ship,ship
2800,9,9,truck,truck
2801,2,4,bird,deer
2802,0,0,airplane,airplane
2803,1,1,automobile,automobile
2804,2,2,bird,bird
2805,3,6,cat,frog
2806,4,4,deer,deer
2807,5,5,dog,dog
2808,6,6,frog,frog
2809,7,9,horse,truck
2810,8,8,ship,ship
2811,9,8,truck,ship
2812,3,3,cat,cat
2813,0,0,airplane,airplane
2814,1,1,automobile,automobile
2815,2,2,bird,bird
2816,3,5,cat,dog
2817,4,3,deer,cat
2818,5,3,dog,cat
2819,6,6,frog,frog
2820,7,7,horse,horse
2821,8,8,ship,ship
2822,9,0,truck,airplane
2823,4,2,deer,bird
2824,0,0,airplane,airplane
2825,1,1,automobile,automobile
2826,2,4,bird,deer
2827,3,7,cat,horse
2828,4,6,deer,frog
2829,5,5,dog,dog
2830,6,6,frog,frog
2831,7,7,horse,horse
2832,8,8,ship,ship
2833,9,1,truck,automobile
2834,5,2,dog,bird
2835,0,0,airplane,airplane
2836,1,1,automobile,automobile
2837,2,8,bird,ship
2838,3,5,cat,dog
2839,4,4,deer,deer
2840,5,5,dog,dog
2841,6,6,frog,frog
2842,7,3,horse,cat
2843,8,7,ship,horse
2844,9,1,truck,automobile
2845,6,6,frog,frog
2846,0,0,airplane,airplane
2847,1,1,automobile,automobile
2848,2,6,bird,frog
2849,3,2,cat,bird
2850,4,6,deer,frog
2851,5,5,dog,dog
2852,6,6,frog,frog
2853,7,7,horse,horse
2854,8,6,ship,frog
2855,9,9,truck,truck
2856,7,7,horse,horse
2857,0,0,airplane,airplane
2858,1,1,automobile,automobile
2859,2,5,bird,dog
2860,3,6,cat,frog
2861,4,3,deer,cat
2862,5,5,dog,dog
2863,6,6,frog,frog
2864,7,7,horse,horse
2865,8,8,ship,ship
2866,9,9,truck,truck
2867,8,8,ship,ship
2868,0,0,airplane,airplane
2869,1,1,automobile,automobile
2870,2,2,bird,bird
2871,3,3,cat,cat
2872,4,6,deer,frog
2873,5,5,dog,dog
2874,6,6,frog,frog
2875,7,7,horse,horse
2876,8,2,ship,bird
2877,9,9,truck,truck
2878,9,9,truck,truck
2879,0,0,airplane,airplane
2880,1,1,automobile,automobile
2881,2,3,bird,cat
2882,3,3,cat,cat
2883,4,4,deer,deer
2884,5,5,dog,dog
2885,6,6,frog,frog
2886,7,7,horse,horse
2887,8,8,ship,ship
2888,9,9,truck,truck
2889,9,9,truck,truck
2890,0,0,airplane,airplane
2891,0,7,airplane,horse
2892,1,6,automobile,frog
2893,2,5,bird,dog
2894,3,7,cat,horse
2895,4,3,deer,cat
2896,5,5,dog,dog
2897,6,6,frog,frog
2898,7,7,horse,horse
2899,8,9,ship,truck
2900,9,9,truck,truck
2901,1,8,automobile,ship
2902,0,1,airplane,automobile
2903,1,6,automobile,frog
2904,2,2,bird,bird
2905,3,4,cat,deer
2906,4,4,deer,deer
2907,5,6,dog,frog
2908,6,6,frog,frog
2909,7,7,horse,horse
2910,8,9,ship,truck
2911,9,9,truck,truck
2912,2,0,bird,airplane
2913,0,9,airplane,truck
2914,1,1,automobile,automobile
2915,2,8,bird,ship
2916,3,2,cat,bird
2917,4,4,deer,deer
2918,5,5,dog,dog
2919,6,6,frog,frog
2920,7,3,horse,cat
2921,8,8,ship,ship
2922,9,9,truck,truck
2923,3,7,cat,horse
2924,0,0,airplane,airplane
2925,1,1,automobile,automobile
2926,2,2,bird,bird
2927,3,3,cat,cat
2928,4,4,deer,deer
2929,5,4,dog,deer
2930,6,6,frog,frog
2931,7,7,horse,horse
2932,8,6,ship,frog
2933,9,1,truck,automobile
2934,4,4,deer,deer
2935,0,0,airplane,airplane
2936,1,1,automobile,automobile
2937,2,6,bird,frog
2938,3,6,cat,frog
2939,4,4,deer,deer
2940,5,5,dog,dog
2941,6,6,frog,frog
2942,7,7,horse,horse
2943,8,6,ship,frog
2944,9,9,truck,truck
2945,5,5,dog,dog
2946,0,2,airplane,bird
2947,1,1,automobile,automobile
2948,2,6,bird,frog
2949,3,3,cat,cat
2950,4,4,deer,deer
2951,5,3,dog,cat
2952,6,6,frog,frog
2953,7,7,horse,horse
2954,8,8,ship,ship
2955,9,9,truck,truck
2956,6,6,frog,frog
2957,0,0,airplane,airplane
2958,1,1,automobile,automobile
2959,2,0,bird,airplane
2960,3,3,cat,cat
2961,4,4,deer,deer
2962,5,5,dog,dog
2963,6,6,frog,frog
2964,7,7,horse,horse
2965,8,8,ship,ship
2966,9,9,truck,truck
2967,7,7,horse,horse
2968,0,2,airplane,bird
2969,1,9,automobile,truck
2970,2,6,bird,frog
2971,3,0,cat,airplane
2972,4,6,deer,frog
2973,5,6,dog,frog
2974,6,6,frog,frog
2975,7,7,horse,horse
2976,8,8,ship,ship
2977,9,9,truck,truck
2978,8,8,ship,ship
2979,0,7,airplane,horse
2980,1,1,automobile,automobile
2981,2,2,bird,bird
2982,3,6,cat,frog
2983,4,3,deer,cat
2984,5,7,dog,horse
2985,6,6,frog,frog
2986,7,7,horse,horse
2987,8,8,ship,ship
2988,9,9,truck,truck
2989,9,9,truck,truck
2990,0,8,airplane,ship
2991,1,1,automobile,automobile
2992,2,4,bird,deer
2993,3,6,cat,frog
2994,4,3,deer,cat
2995,5,6,dog,frog
2996,6,6,frog,frog
2997,7,5,horse,dog
2998,8,8,ship,ship
2999,9,9,truck,truck
